S,jump_4dakids_final
D,jump_4demo_fixed5
S,jump_4starters_rc1
D,jump_aando_b1_tmps
S,jump_abandon
S,jump_ablation_b4
S,jump_above_rc1
S,jump_abuq
S,jump_abyss_rc2
S,jump_acepogo
D,jump_adventure
S,jump_aggregate_zip
S,jump_aigis_a4
D,jump_air
S,jump_airshift_a4
S,jump_airships_v2
S,jump_allstars
S,jump_amazon_b1
S,jump_annex_v5
S,jump_ante
D,jump_antiquity
S,jump_apex_b1
S,jump_aqua
D,jump_arc_b1_tmps
S,jump_arctic_a2
S,jump_aridia
S,jump_aris_a3
S,jump_ariser_fix
S,jump_armaldo
D,jump_armature_final_zip
D,jump_around_cr
D,jump_artificial_a13
D,jump_arugula_b4
S,jump_ascent_final
D,jump_asdf
S,jump_asshole_a3
S,jump_ataronchronon_b2
B,jump_aten_test
S,jump_attached2_rcx
S,jump_attached_b2
S,jump_aura_b4
D,jump_aurora_v2
B,jump_autumn_rc3
S,jump_aviator
S,jump_ayers2_a8_zip
S,jump_ayers_v2
D,jump_aznbob_fixed
S,jump_azure_v2
S,jump_babylon
S,jump_ballin_a3
S,jump_banane
S,jump_bangarang
S,jump_baqu_a2
S,jump_bear
S,jump_beef
S,jump_beefmas
S,jump_benny
S,jump_benroads2_a3
S,jump_benroads_a5
S,jump_beyond_b3
S,jump_bigbutt_b1
S,jump_biome
S,jump_blables_b2
S,jump_blackout_a2
S,jump_blossom_s3f_fix2
S,jump_blueberry_b3
S,jump_bob_fixed
S,jump_bojack_v2
S,jump_bomb
S,jump_bongwater
D,jump_bonus
S,jump_boredfox2_b1
S,jump_boredfox_b1
S,jump_boredgorge
S,jump_bounce
S,jump_bouncehop
S,jump_bouncerific_v2
S,jump_broccoli
S,jump_bunker_final
S,jump_butter
S,jump_buttered_b2
D,jump_cake
S,jump_camp_rc2
S,jump_canyon_b1
D,jump_carrot_a5
S,jump_catch_final
D,jump_cavern_final
S,jump_cetalu_rc1
S,jump_chambers_v2
S,jump_cheval
S,jump_christmas_zip
S,jump_claustro_final
S,jump_claustro_v2
S,jump_collab
S,jump_competitive_b2
D,jump_composite
D,jump_compound
S,jump_concept_a5
D,jump_contact
S,jump_cool_b2
S,jump_core_b1_zip
S,jump_cow
S,jump_craze
S,jump_crunch
D,jump_crypt
S,jump_cube_b4
S,jump_cubic_zip
S,jump_dad
S,jump_dahl
S,jump_damer_rc6
D,jump_dan2
D,jump_dang
D,jump_dang_r
D,jump_data_final
D,jump_daylight_a2
S,jump_ddpls
D,jump_demolition
D,jump_demonstrationman_a4
D,jump_depleted
D,jump_desa_rc2
S,jump_descent_v5
S,jump_deserted_b1
S,jump_destination
S,jump_destination_v2
D,jump_devils_redo
S,jump_diabarha_b2
D,jump_diirtyxweezy_a1
S,jump_dink_b2
S,jump_doodle_b9
D,jump_dread_a3
D,jump_dreamier
D,jump_dreamy_final
D,jump_drenched
D,jump_drexen
D,jump_drexen2
D,jump_drheinz
D,jump_drought_b1
B,jump_duality_tpn
S,jump_duey_v2
S,jump_dystopia
S,jump_edgebug_b2
D,jump_egyptian_b2
S,jump_einfache_b1
S,jump_elephant_a2
B,jump_elite
D,jump_elysium_fn
D,jump_embrace
D,jump_endurance_rc2
S,jump_eons_b2
D,jump_esri
D,jump_evac_a3
S,jump_everest_a3
B,jump_excavation_final
S,jump_exile_v3
S,jump_exilenpals
S,jump_ezekiel_beta3
S,jump_ezpz_v4
S,jump_facility
D,jump_fart2_final
D,jump_fart_final
S,jump_fastnfar_b1
S,jump_fauvism_a2
S,jump_fear_redo
S,jump_festivus
S,jump_fifth
S,jump_finite_v2
D,jump_fisyx
S,jump_fizzydrink_a2
S,jump_flashblack
S,jump_flow_redo
S,jump_flukhtiz_v2_b2
D,jump_flux
D,jump_foss
S,jump_foundation_a2
S,jump_fox
D,jump_frayb_a4
S,jump_free_b2
B,jump_freezeflame_easy
B,jump_frost_a1
D,jump_future_rebuild
S,jump_gateway_final
S,jump_gaylord
S,jump_gaylord2
D,jump_glassydev_final
D,jump_glassydev_rc3
S,jump_glow_v4
D,jump_gman_beta_4
S,jump_gr8_wite_final
D,jump_grape_final
D,jump_grimace
D,jump_grotto_rc2
S,jump_hajnal_finalbeta
D,jump_half
D,jump_hana
S,jump_hanami_final_v2
S,jump_hangar_18
D,jump_happygonk_b7
D,jump_hardware
S,jump_heaven_a3
S,jump_heavy_b1
D,jump_heck
S,jump_hexahedron
D,jump_hobo
D,jump_hobo2_fixed
S,jump_hoi
S,jump_home_v2
D,jump_homie_beta
S,jump_hopstep_a3
D,jump_horus_b5_tpn
S,jump_hotcoffee_b1
D,jump_housebeta
D,jump_how
D,jump_huh_b6
D,jump_hydrogen_rc1_bmv
D,jump_ice_v4
D,jump_illusion_final
S,jump_impact
D,jump_impulse_a2
B,jump_internal_b4
D,jump_isak_b4
S,jump_iser_a3
S,jump_it_final
D,jump_jabroni
S,jump_jakey_a2
D,jump_jasmine
S,jump_joa_v2
D,jump_jorgelayja_tmps
S,jump_jormp
S,jump_junk_solly_b1
S,jump_jurf2_a1
S,jump_jurf_a2
D,jump_karb_b3
D,jump_karelia_b1
D,jump_kek2_rc2
S,jump_kek_final3
D,jump_keratotomy_b8
D,jump_khoa
S,jump_kilo
S,jump_kin
S,jump_kinetics_c1
S,jump_klanana
S,jump_knight_final
D,jump_koi
S,jump_koro_b2
S,jump_kpop_a3
S,jump_krakatoa_final
D,jump_kumo
S,jump_kuna
S,jump_kusok
D,jump_lanc_v3
S,jump_lathy_final
S,jump_legion_beta3
S,jump_linear_final_fix
S,jump_lion_a6
S,jump_lite_a0
D,jump_lithium_fix2_bmv
S,jump_littleman_v4
S,jump_lolparty
D,jump_lost_a6
S,jump_lotus_fix
D,jump_m0nkey_a5
D,jump_m0rg_a2
D,jump_mad_rc3
S,jump_majoras_a3
S,jump_manifestation_fix
S,jump_manitou
S,jump_mario_beta1_zip
S,jump_maso
S,jump_mirage
S,jump_mire
D,jump_mireal2_final
D,jump_mireal3_final
D,jump_mireal_tpn
S,jump_mirrorsedge_rc2
D,jump_mohaxish_rc2
D,jump_mohr
D,jump_moist_v2_fix
S,jump_momentum
S,jump_moo
D,jump_moria_b6
S,jump_mouser
D,jump_muffin_b4
S,jump_natural_b2
D,jump_nbn_b4b_redo_a1
S,jump_nebuchadnezzar_final
S,jump_negative_b5
S,jump_nepal_rc4
D,jump_neptune_rc1
D,jump_network_b1
S,jump_nevar_a1
S,jump_nights
S,jump_nincompoop_final
S,jump_ninjacookie_final
S,jump_nmotion2
S,jump_nmotion_v8
D,jump_noob
D,jump_noob2_ab
S,jump_noskillrequired_b3
S,jump_nuttwo_final
S,jump_oats_b3
S,jump_obelisk_rc1_zip
D,jump_ofc_v2
D,jump_ofcourse_redo_final
S,jump_ofthehats_zip
S,jump_omega
S,jump_omega2_final
S,jump_onion_v2
S,jump_onit_b4
S,jump_ontra
S,jump_orange_v2
S,jump_orbital_rc1_zip
D,jump_oreotachi_b3
D,jump_oreotopolis_c7
S,jump_oretachi_rc5
D,jump_ouryoku
D,jump_over_beta
D,jump_overhead
S,jump_owakare
D,jump_p
S,jump_pagoda
S,jump_panama
S,jump_pandemonium
S,jump_pants_b2
S,jump_pastel_b2
D,jump_pathos
S,jump_pdidey
S,jump_pharaoh_a6
S,jump_phase_b4
S,jump_phobos_zip
S,jump_pickles_v2
D,jump_pine_b1
S,jump_pmuj_rc2
S,jump_polar
D,jump_prism_final
S,jump_propel_fixed_v3
D,jump_prostate_b3
D,jump_protactinium
S,jump_proto_a2
D,jump_psionic
D,jump_psycho_zip
S,jump_pump
D,jump_puni_a4a
D,jump_pure_b2
S,jump_purecio_b2
S,jump_qodu_rc1
S,jump_quake_beta4
S,jump_quattro_rc1
S,jump_quba
S,jump_quick_b2
D,jump_quickers_b3
D,jump_raina
S,jump_rainbow
S,jump_rapture
S,jump_raven_b1
S,jump_rayner_a1_fixed
S,jump_rebound_v3
S,jump_rebus
S,jump_recall
S,jump_redplanet_v2
D,jump_rehorus_final2
D,jump_remember_beta
S,jump_renard
S,jump_requiem_a6
D,jump_resi_b2
D,jump_revenge
D,jump_rewind
D,jump_rewind2
D,jump_ring2
D,jump_ring_final
S,jump_rnc_a1
S,jump_rook_beta
S,jump_rope_final
B,jump_rush
D,jump_rush_h
D,jump_rvr_b1
D,jump_samurai_b3
S,jump_sanctuary_final
D,jump_schadenfreude_rc1
D,jump_scorpion_b1
S,jump_sdm_final_zip
S,jump_serenity_rc3
S,jump_serpentine_final
S,jump_seven
S,jump_sexydev_v3
S,jump_sfw_final_zip
D,jump_sharp_b3
D,jump_shelter_b1
S,jump_shimano_a3
D,jump_shiver
S,jump_shunix_v2
S,jump_sick
D,jump_signal_final
S,jump_silly_a8
S,jump_silly_fin
S,jump_simplified_rc1
S,jump_simply_v2
S,jump_sinister_final_ver2
S,jump_sink_b4
D,jump_sira2
D,jump_sira_alpha
S,jump_sitood_zip
S,jump_sketchy2_rc1_zip
D,jump_sketchy_final
S,jump_skip_b3
S,jump_skylight
S,jump_sleepy_redo
S,jump_smarticlee
S,jump_smellmybum
S,jump_soar_a4
S,jump_sobel
D,jump_software
S,jump_sohr_a5
S,jump_soma_a7
S,jump_something_rc1_fix_v2
S,jump_sor_a4
D,jump_sore_a4
S,jump_sorh_a1
S,jump_spaghetti_v2
D,jump_spark_rc2
S,jump_spectre
D,jump_speed
D,jump_speed2
S,jump_squared_b2
D,jump_starkie_tpn
D,jump_start_b4
D,jump_start_h
S,jump_starve
D,jump_steak_a2
S,jump_steel_b1
S,jump_stella_v2
S,jump_stleganickling_v1
D,jump_storm_final
S,jump_straight
D,jump_stress_final
S,jump_stretch_final
S,jump_strikapult_v11
S,jump_strike_b2_tpn
S,jump_stripe_b5
S,jump_style
S,jump_summer_rc1
D,jump_super_v5
D,jump_supersereious_rc1
S,jump_surfzzz_v1
S,jump_sven_b1
S,jump_sweetnawful_rc2
D,jump_synapse_rc3_zip
S,jump_sync
B,jump_synth_a2
S,jump_tapdance_fix3
S,jump_tawatyr
S,jump_taylor_swift
S,jump_temple_final
D,jump_tensor_a2_zip
D,jump_termywermy_beta4
D,jump_tesseract_fix_v2
S,jump_tf
S,jump_tf2rj
S,jump_tholos
D,jump_thorn_b5
D,jump_tissue
D,jump_titan
S,jump_toot_rc4
S,jump_torii_v3
S,jump_toxic_v6
S,jump_tpn_rc3
D,jump_triplepre_b8
D,jump_tsao_final
S,jump_turnip_v2
S,jump_tutankhamun
D,jump_twelve_rc1
S,jump_twist_beta
S,jump_twix_b4
D,jump_tx_final
S,jump_typh_a3
D,jump_ugly_b4
D,jump_ultimatebuttfucker_a2
S,jump_ultra_alpha
S,jump_underground_final
S,jump_undergrowth_zip
S,jump_underworld_final
S,jump_underworld_v2_zip
D,jump_up
S,jump_urgent_final
S,jump_valley_final
S,jump_vampires_v4
S,jump_vanilla
D,jump_vanished
S,jump_vape_rc3
S,jump_vendetta
D,jump_vertigo
S,jump_vex_final
S,jump_void_b1
D,jump_volcanic_zip
S,jump_vulc_a2
D,jump_wallclimb_v1alpha
S,jump_wallfox_rc1
S,jump_waves_final
D,jump_weekly_rc2
D,jump_what
D,jump_when_b2_fix
D,jump_who
D,jump_why_rc3
S,jump_wolf
S,jump_x
S,jump_xhappy
S,jump_yona_b2
S,jump_yucca
S,jump_yump_final1
D,jump_ywumpy_final2
D,jump_zekro_v4
D,jump_zero
D,jump_zero_v2
S,jump_zetsubou_v3
S,jump_ziggurat_b3_zip
S,rj_rckteer
S,rj_rckteer_adv_v2
S,rj_training_v3
S,jump_chocological
S,jump_beefoween_b1
D,jump_treasure
D,jump_revenant
D,jump_lantern_tpn
S,jump_pandemonium_v4
S,jump_plaza
S,jump_byhicrine
D,jump_rutabaga_rc2
S,jump_omega3_jam_tf2
S,jump_leicht_redo
D,jump_jorgelayja_redo
S,jump_frost_redo_v2
D,jump_estrogen_a4
D,jump_bane
S,jump_4soldier_redo
D,jump_luminous_rc5
S,jump_bromelia_rc5
S,jump_mowi_rc2
D,jump_halcyon_b3
S,jump_yggdrasil
D,jump_super_redo
D,jump_segment_rc3
S,jump_orestes
D,jump_sylvan